search term, traffic, iphone difficulty, ipad difficulty
slideshow, 4.4, 8.6, 8.1
quik, 5.1, 8.6, 9
flipagram, 4.9, 9.1, 9.1
rotation, 1.5, 4.6, 6.9
picplaypost, 4.3, 8.9, 7.4
videoshow, 4.2, 8.4, 8.4
oval, 1.2, 8.4, 8.4
melody, 2.8, 9, 9
slides, 6.1, 9.1, 9.5
birthday, 3.6, 7.4, 6.6
beatmaker, 3.0, 8.3, 8.2
turningpoint, 2.3, 7.4, 6.8
vevo, 3.8, 9.5, 9.5
aparat, 3.6, 8.7, 9.5
intro, 3.7, 5.8, 6.3
output, 1.9, 7.7, 9.2
collage, 5.8, 8.5, 9.5
collagemaker, 2.2, 9, 9.5
cd, 3.9, 9.4, 9.3
adding, 1.8, 5.9, 9.5
photoframe, 2.0, 8.7, 7.4
beats, 5.6, 8.7, 8.3
happiness, 1.9, 7.7, 7.5
happy, 4.0, 6.9, 9.2
moviemaker, 2.0, 8.7, 8.2
happier, 2.5, 7.7, 8.4
shower, 2.4, 7.4, 8.6
youtube, 8.9, 9.4, 9.4
imaging, 1.2, 7.5, 7.8
setting, 3.6, 8.6, 9.1
create, 4.0, 8.2, 7.2
video, 5.5, 8.7, 9.4
photo, 5.9, 9.1, 9
sds, 2.9, 4.7, 6.1
anime, 6.4, 8.5, 8.3
photography, 4.0, 7.6, 8.9
kissanime, 3.3, 7.1, 8.8
animation, 5.2, 7, 7.4
overlord, 2.8, 7.5, 7.7
567, 1.4, 9.5, 9.5
aj, 3.0, 9, 8.7
amerigo, 4.5, 9.5, 9.5
ani, 3.0, 8.9, 8.8
ato, 1.9, 8.9, 9.2
bugs, 2.9, 6.9, 6.2
collection, 2.5, 7.3, 8.1
converter, 4.2, 7.6, 7.1
creating, 1.2, 8.3, 8.8
enemy, 1.9, 8.2, 8.4
fast, 4.1, 8.1, 8.8
fasting, 4.9, 8, 9.2
feral, 2.8, 7.5, 8.1
ins, 5.8, 9.5, 9.3
life, 5.8, 8.7, 9.2
living, 3.5, 9.5, 9.4
makeover, 5.1, 8.7, 8.2
maker, 3.5, 8.5, 8.5
maui, 2.7, 5.2, 3.8
moviepass, 1.5, 9.1, 9.5
movies, 5.9, 9.3, 9.5
music, 7.4, 9.3, 9.3
musket, 1.6, 9, 8.8
ncs, 1.8, 9, 9.4
netease, 3.3, 8.1, 8.2
peru, 1.7, 6.7, 9
pic, 4.6, 9.5, 8.5
picture, 4.5, 9.5, 9.2
sand, 3.6, 8.3, 8.3
shallow, 1.3, 9.5, 9.5
starve, 1.7, 8.8, 7.7
